{
    "weights": {
        "hunger_happiness": 0.8354691693472528,
        "hunger_cleanliness": 0.4816787419316674,
        "hunger_sleepiness": -0.5428106117946859,
        "hunger_satisfaction": -0.6874396787356654,
        "hunger_anxiety": 0.5845481511152563,
        "hunger_curiosity": -0.30134795183723695,
        "happiness_cleanliness": 1,
        "happiness_sleepiness": 1,
        "happiness_satisfaction": -0.10030635040702979,
        "happiness_anxiety": -0.7971060523911148,
        "happiness_curiosity": 0.8107320200081929,
        "cleanliness_sleepiness": 0.9806926240059789,
        "cleanliness_satisfaction": 0.5390651477708074,
        "cleanliness_anxiety": -0.6437650725299594,
        "cleanliness_curiosity": 0.832181091701354,
        "sleepiness_satisfaction": -0.964508475791149,
        "sleepiness_anxiety": 0.802326287516235,
        "sleepiness_curiosity": -0.23839030197970862,
        "satisfaction_anxiety": 0.2995299110881714,
        "satisfaction_curiosity": 0.8161546617277304,
        "anxiety_curiosity": -0.17089343996292186,
        "curiosity_happiness": 0.9439364711389973,
        "curiosity_satisfaction": 0.9575200945947481
    },
    "neuron_positions": {
        "hunger": [
            150,
            150
        ],
        "happiness": [
            450,
            150
        ],
        "cleanliness": [
            750,
            150
        ],
        "sleepiness": [
            1050,
            150
        ],
        "satisfaction": [
            300,
            350
        ],
        "anxiety": [
            600,
            350
        ],
        "curiosity": [
            900,
            350
        ]
    }
}