[
    {
        "category": "food",
        "key": "cheese",
        "value": "Ate cheese: Hunger -1.10, Happiness +1.10, Satisfaction +3.53",
        "raw_value": "Ate cheese: Hunger -1.10, Happiness +1.10, Satisfaction +3.53",
        "timestamp": "2025-03-26T08:55:15.819462",
        "importance": 1,
        "access_count": 1
    },
    {
        "category": "decorations",
        "key": "images/decoration/plant02.png",
        "value": "Interaction with plant02.png: Cleanliness +3.20",
        "raw_value": {
            "happiness": 0.0,
            "cleanliness": 3.199999999999818
        },
        "timestamp": "2025-03-26T08:55:16.819063",
        "importance": 1,
        "access_count": 1
    },
    {
        "category": "decorations",
        "key": "1742979316.8190632",
        "value": "Interaction with 1742979316.8190632: Timestamp +1742979316.82",
        "raw_value": {
            "category": "decorations",
            "effects": {
                "happiness": 0.0,
                "cleanliness": 3.199999999999818
            },
            "timestamp": 1742979316.8190632
        },
        "timestamp": "2025-03-26T08:55:16.819063",
        "importance": 1,
        "access_count": 1
    },
    {
        "category": "decorations",
        "key": "images/decoration/plant02.png",
        "value": "Interaction with plant02.png: Cleanliness +0.10",
        "raw_value": {
            "happiness": 0.0,
            "cleanliness": 0.09999999999999432
        },
        "timestamp": "2025-03-26T08:55:17.821199",
        "importance": 1,
        "access_count": 1
    },
    {
        "category": "decorations",
        "key": "1742979317.8211997",
        "value": "Interaction with 1742979317.8211997: Timestamp +1742979317.82",
        "raw_value": {
            "category": "decorations",
            "effects": {
                "happiness": 0.0,
                "cleanliness": 0.09999999999999432
            },
            "timestamp": 1742979317.8211997
        },
        "timestamp": "2025-03-26T08:55:17.821199",
        "importance": 1,
        "access_count": 1
    },
    {
        "category": "mental_state",
        "key": "startled",
        "value": "Startled: Anxiety +10.00",
        "raw_value": "Startled: Anxiety +10.00",
        "timestamp": "2025-03-26T08:55:33.856249",
        "importance": 1,
        "access_count": 1
    },
    {
        "category": "decorations",
        "key": "images/decoration/plant02.png",
        "value": "Interaction with plant02.png: Cleanliness +1.90",
        "raw_value": {
            "happiness": 0.0,
            "cleanliness": 1.899999999999892
        },
        "timestamp": "2025-03-26T08:55:36.865159",
        "importance": 1,
        "access_count": 1
    },
    {
        "category": "decorations",
        "key": "1742979336.8661602",
        "value": "Interaction with 1742979336.8661602: Timestamp +1742979336.87",
        "raw_value": {
            "category": "decorations",
            "effects": {
                "happiness": 0.0,
                "cleanliness": 1.899999999999892
            },
            "timestamp": 1742979336.8661602
        },
        "timestamp": "2025-03-26T08:55:36.867163",
        "importance": 1,
        "access_count": 1
    },
    {
        "category": "decorations",
        "key": "images/decoration/plant07.png",
        "value": "Interaction with plant07.png: Cleanliness +0.20",
        "raw_value": {
            "happiness": 0.0,
            "cleanliness": 0.19999999999998863
        },
        "timestamp": "2025-03-26T08:55:38.853461",
        "importance": 1,
        "access_count": 1
    },
    {
        "category": "decorations",
        "key": "1742979338.854461",
        "value": "Interaction with 1742979338.854461: Timestamp +1742979338.85",
        "raw_value": {
            "category": "decorations",
            "effects": {
                "happiness": 0.0,
                "cleanliness": 0.19999999999998863
            },
            "timestamp": 1742979338.854461
        },
        "timestamp": "2025-03-26T08:55:38.855460",
        "importance": 1,
        "access_count": 1
    },
    {
        "category": "decorations",
        "key": "images/decoration/plant07.png",
        "value": "Interaction with plant07.png: Cleanliness +0.10",
        "raw_value": {
            "happiness": 0.0,
            "cleanliness": 0.09999999999999432
        },
        "timestamp": "2025-03-26T08:55:39.858325",
        "importance": 1,
        "access_count": 1
    },
    {
        "category": "decorations",
        "key": "1742979339.8593254",
        "value": "Interaction with 1742979339.8593254: Timestamp +1742979339.86",
        "raw_value": {
            "category": "decorations",
            "effects": {
                "happiness": 0.0,
                "cleanliness": 0.09999999999999432
            },
            "timestamp": 1742979339.8593254
        },
        "timestamp": "2025-03-26T08:55:39.860325",
        "importance": 1,
        "access_count": 1
    },
    {
        "category": "decorations",
        "key": "images/decoration/plant07.png",
        "value": "Interaction with plant07.png: Cleanliness +0.90",
        "raw_value": {
            "happiness": 0.0,
            "cleanliness": 0.8999999999999488
        },
        "timestamp": "2025-03-26T08:55:48.850639",
        "importance": 1,
        "access_count": 1
    },
    {
        "category": "decorations",
        "key": "1742979348.8506393",
        "value": "Interaction with 1742979348.8506393: Timestamp +1742979348.85",
        "raw_value": {
            "category": "decorations",
            "effects": {
                "happiness": 0.0,
                "cleanliness": 0.8999999999999488
            },
            "timestamp": 1742979348.8506393
        },
        "timestamp": "2025-03-26T08:55:48.850639",
        "importance": 1,
        "access_count": 1
    },
    {
        "category": "decorations",
        "key": "images/decoration/plant07.png",
        "value": "Interaction with plant07.png: Cleanliness +0.10",
        "raw_value": {
            "happiness": 0.0,
            "cleanliness": 0.09999999999999432
        },
        "timestamp": "2025-03-26T08:55:49.848315",
        "importance": 1,
        "access_count": 1
    },
    {
        "category": "decorations",
        "key": "1742979349.8483155",
        "value": "Interaction with 1742979349.8483155: Timestamp +1742979349.85",
        "raw_value": {
            "category": "decorations",
            "effects": {
                "happiness": 0.0,
                "cleanliness": 0.09999999999999432
            },
            "timestamp": 1742979349.8483155
        },
        "timestamp": "2025-03-26T08:55:49.848315",
        "importance": 1,
        "access_count": 1
    },
    {
        "category": "decorations",
        "key": "images/decoration/bigrock02.png",
        "value": "Interaction with bigrock02.png: Cleanliness +5.00",
        "raw_value": {
            "happiness": 0.0,
            "cleanliness": 5.0
        },
        "timestamp": "2025-03-26T08:56:45.851741",
        "importance": 1,
        "access_count": 1
    },
    {
        "category": "decorations",
        "key": "1742979405.8517418",
        "value": "Interaction with 1742979405.8517418: Timestamp +1742979405.85",
        "raw_value": {
            "category": "decorations",
            "effects": {
                "happiness": 0.0,
                "cleanliness": 5.0
            },
            "timestamp": 1742979405.8517418
        },
        "timestamp": "2025-03-26T08:56:45.851741",
        "importance": 1,
        "access_count": 1
    },
    {
        "category": "mental_state",
        "key": "startled",
        "value": "Startled: Anxiety +10.00",
        "raw_value": "Startled: Anxiety +10.00",
        "timestamp": "2025-03-26T08:56:48.861416",
        "importance": 1,
        "access_count": 1
    },
    {
        "category": "decorations",
        "key": "images/decoration/plant07.png",
        "value": "Interaction with plant07.png: Cleanliness +5.00",
        "raw_value": {
            "happiness": 0.0,
            "cleanliness": 4.999999999999432
        },
        "timestamp": "2025-03-26T08:57:30.013169",
        "importance": 1,
        "access_count": 1
    },
    {
        "category": "decorations",
        "key": "1742979450.020352",
        "value": "Interaction with 1742979450.020352: Timestamp +1742979450.02",
        "raw_value": {
            "category": "decorations",
            "effects": {
                "happiness": 0.0,
                "cleanliness": 4.999999999999432
            },
            "timestamp": 1742979450.020352
        },
        "timestamp": "2025-03-26T08:57:30.025701",
        "importance": 1,
        "access_count": 1
    },
    {
        "category": "decorations",
        "key": "images/decoration/plant07.png",
        "value": "Interaction with plant07.png: Cleanliness +0.10",
        "raw_value": {
            "happiness": 0.0,
            "cleanliness": 0.09999999999999432
        },
        "timestamp": "2025-03-26T08:57:31.025825",
        "importance": 1,
        "access_count": 1
    },
    {
        "category": "decorations",
        "key": "1742979451.0285654",
        "value": "Interaction with 1742979451.0285654: Timestamp +1742979451.03",
        "raw_value": {
            "category": "decorations",
            "effects": {
                "happiness": 0.0,
                "cleanliness": 0.09999999999999432
            },
            "timestamp": 1742979451.0285654
        },
        "timestamp": "2025-03-26T08:57:31.030279",
        "importance": 1,
        "access_count": 1
    },
    {
        "category": "decorations",
        "key": "images/decoration/plant02.png",
        "value": "Interaction with plant02.png: Cleanliness +0.30",
        "raw_value": {
            "happiness": 0.0,
            "cleanliness": 0.29999999999998295
        },
        "timestamp": "2025-03-26T08:57:34.040243",
        "importance": 1,
        "access_count": 1
    },
    {
        "category": "decorations",
        "key": "1742979454.0451653",
        "value": "Interaction with 1742979454.0451653: Timestamp +1742979454.05",
        "raw_value": {
            "category": "decorations",
            "effects": {
                "happiness": 0.0,
                "cleanliness": 0.29999999999998295
            },
            "timestamp": 1742979454.0451653
        },
        "timestamp": "2025-03-26T08:57:34.049163",
        "importance": 1,
        "access_count": 1
    },
    {
        "category": "decorations",
        "key": "images/decoration/plant02.png",
        "value": "Interaction with plant02.png: Cleanliness +0.10",
        "raw_value": {
            "happiness": 0.0,
            "cleanliness": 0.09999999999999432
        },
        "timestamp": "2025-03-26T08:57:35.033532",
        "importance": 1,
        "access_count": 1
    },
    {
        "category": "decorations",
        "key": "1742979455.0335326",
        "value": "Interaction with 1742979455.0335326: Timestamp +1742979455.03",
        "raw_value": {
            "category": "decorations",
            "effects": {
                "happiness": 0.0,
                "cleanliness": 0.09999999999999432
            },
            "timestamp": 1742979455.0335326
        },
        "timestamp": "2025-03-26T08:57:35.050258",
        "importance": 1,
        "access_count": 1
    },
    {
        "category": "mental_state",
        "key": "startled",
        "value": "Startled: Anxiety +10.00",
        "raw_value": "Startled: Anxiety +10.00",
        "timestamp": "2025-03-26T08:57:36.045295",
        "importance": 1,
        "access_count": 1
    },
    {
        "category": "mental_state",
        "key": "startled",
        "value": "Startled: Anxiety +10.00",
        "raw_value": "Startled: Anxiety +10.00",
        "timestamp": "2025-03-26T08:57:50.062813",
        "importance": 1,
        "access_count": 1
    },
    {
        "category": "decorations",
        "key": "images/decoration/plant02.png",
        "value": "Interaction with plant02.png: Cleanliness +3.90",
        "raw_value": {
            "happiness": 0.0,
            "cleanliness": 3.8999999999997783
        },
        "timestamp": "2025-03-26T08:58:14.107900",
        "importance": 1,
        "access_count": 1
    },
    {
        "category": "decorations",
        "key": "1742979494.1111455",
        "value": "Interaction with 1742979494.1111455: Timestamp +1742979494.11",
        "raw_value": {
            "category": "decorations",
            "effects": {
                "happiness": 0.0,
                "cleanliness": 3.8999999999997783
            },
            "timestamp": 1742979494.1111455
        },
        "timestamp": "2025-03-26T08:58:14.112438",
        "importance": 1,
        "access_count": 1
    },
    {
        "category": "decorations",
        "key": "images/decoration/plant02.png",
        "value": "Interaction with plant02.png: Cleanliness +0.10",
        "raw_value": {
            "happiness": 0.0,
            "cleanliness": 0.09999999999999432
        },
        "timestamp": "2025-03-26T08:58:15.119311",
        "importance": 1,
        "access_count": 1
    },
    {
        "category": "decorations",
        "key": "1742979495.1245925",
        "value": "Interaction with 1742979495.1245925: Timestamp +1742979495.12",
        "raw_value": {
            "category": "decorations",
            "effects": {
                "happiness": 0.0,
                "cleanliness": 0.09999999999999432
            },
            "timestamp": 1742979495.1245925
        },
        "timestamp": "2025-03-26T08:58:15.128344",
        "importance": 1,
        "access_count": 1
    },
    {
        "category": "decorations",
        "key": "images/decoration/plant02.png",
        "value": "Interaction with plant02.png: Cleanliness +0.10",
        "raw_value": {
            "happiness": 0.0,
            "cleanliness": 0.09999999999999432
        },
        "timestamp": "2025-03-26T08:58:16.113470",
        "importance": 1,
        "access_count": 1
    },
    {
        "category": "decorations",
        "key": "1742979496.1134703",
        "value": "Interaction with 1742979496.1134703: Timestamp +1742979496.11",
        "raw_value": {
            "category": "decorations",
            "effects": {
                "happiness": 0.0,
                "cleanliness": 0.09999999999999432
            },
            "timestamp": 1742979496.1134703
        },
        "timestamp": "2025-03-26T08:58:16.113470",
        "importance": 1,
        "access_count": 1
    },
    {
        "category": "decorations",
        "key": "images/decoration/plant07.png",
        "value": "Interaction with plant07.png: Cleanliness +0.20",
        "raw_value": {
            "happiness": 0.0,
            "cleanliness": 0.19999999999998863
        },
        "timestamp": "2025-03-26T08:58:18.137037",
        "importance": 1,
        "access_count": 1
    },
    {
        "category": "decorations",
        "key": "1742979498.140081",
        "value": "Interaction with 1742979498.140081: Timestamp +1742979498.14",
        "raw_value": {
            "category": "decorations",
            "effects": {
                "happiness": 0.0,
                "cleanliness": 0.19999999999998863
            },
            "timestamp": 1742979498.140081
        },
        "timestamp": "2025-03-26T08:58:18.146697",
        "importance": 1,
        "access_count": 1
    },
    {
        "category": "decorations",
        "key": "images/decoration/plant07.png",
        "value": "Interaction with plant07.png: Cleanliness +0.10",
        "raw_value": {
            "happiness": 0.0,
            "cleanliness": 0.09999999999999432
        },
        "timestamp": "2025-03-26T08:58:19.143900",
        "importance": 1,
        "access_count": 1
    },
    {
        "category": "decorations",
        "key": "1742979499.1469312",
        "value": "Interaction with 1742979499.1469312: Timestamp +1742979499.15",
        "raw_value": {
            "category": "decorations",
            "effects": {
                "happiness": 0.0,
                "cleanliness": 0.09999999999999432
            },
            "timestamp": 1742979499.1469312
        },
        "timestamp": "2025-03-26T08:58:19.152163",
        "importance": 1,
        "access_count": 1
    },
    {
        "category": "decorations",
        "key": "images/decoration/plant07.png",
        "value": "Interaction with plant07.png: Cleanliness +0.10",
        "raw_value": {
            "happiness": 0.0,
            "cleanliness": 0.09999999999999432
        },
        "timestamp": "2025-03-26T08:58:20.146929",
        "importance": 1,
        "access_count": 1
    },
    {
        "category": "decorations",
        "key": "1742979500.1509485",
        "value": "Interaction with 1742979500.1509485: Timestamp +1742979500.15",
        "raw_value": {
            "category": "decorations",
            "effects": {
                "happiness": 0.0,
                "cleanliness": 0.09999999999999432
            },
            "timestamp": 1742979500.1509485
        },
        "timestamp": "2025-03-26T08:58:20.154970",
        "importance": 1,
        "access_count": 1
    },
    {
        "category": "decorations",
        "key": "images/decoration/plant07.png",
        "value": "Interaction with plant07.png: Cleanliness +1.50",
        "raw_value": {
            "happiness": 0.0,
            "cleanliness": 1.4999999999999147
        },
        "timestamp": "2025-03-26T08:58:35.266842",
        "importance": 1,
        "access_count": 1
    },
    {
        "category": "decorations",
        "key": "1742979515.274621",
        "value": "Interaction with 1742979515.274621: Timestamp +1742979515.27",
        "raw_value": {
            "category": "decorations",
            "effects": {
                "happiness": 0.0,
                "cleanliness": 1.4999999999999147
            },
            "timestamp": 1742979515.274621
        },
        "timestamp": "2025-03-26T08:58:35.277620",
        "importance": 1,
        "access_count": 1
    },
    {
        "category": "decorations",
        "key": "images/decoration/plant07.png",
        "value": "Interaction with plant07.png: Cleanliness +0.40",
        "raw_value": {
            "happiness": 0.0,
            "cleanliness": 0.39999999999997726
        },
        "timestamp": "2025-03-26T08:58:39.265365",
        "importance": 1,
        "access_count": 1
    },
    {
        "category": "decorations",
        "key": "1742979519.2653654",
        "value": "Interaction with 1742979519.2653654: Timestamp +1742979519.27",
        "raw_value": {
            "category": "decorations",
            "effects": {
                "happiness": 0.0,
                "cleanliness": 0.39999999999997726
            },
            "timestamp": 1742979519.2653654
        },
        "timestamp": "2025-03-26T08:58:39.265365",
        "importance": 1,
        "access_count": 1
    },
    {
        "category": "decorations",
        "key": "images/decoration/plant07.png",
        "value": "Interaction with plant07.png: Cleanliness +0.40",
        "raw_value": {
            "happiness": 0.0,
            "cleanliness": 0.39999999999997726
        },
        "timestamp": "2025-03-26T08:58:43.273820",
        "importance": 1,
        "access_count": 1
    },
    {
        "category": "decorations",
        "key": "1742979523.2738204",
        "value": "Interaction with 1742979523.2738204: Timestamp +1742979523.27",
        "raw_value": {
            "category": "decorations",
            "effects": {
                "happiness": 0.0,
                "cleanliness": 0.39999999999997726
            },
            "timestamp": 1742979523.2738204
        },
        "timestamp": "2025-03-26T08:58:43.273820",
        "importance": 1,
        "access_count": 1
    },
    {
        "category": "decorations",
        "key": "images/decoration/plant07.png",
        "value": "Interaction with plant07.png: Cleanliness +0.20",
        "raw_value": {
            "happiness": 0.0,
            "cleanliness": 0.19999999999998863
        },
        "timestamp": "2025-03-26T08:58:45.302461",
        "importance": 1,
        "access_count": 1
    },
    {
        "category": "decorations",
        "key": "1742979525.3024619",
        "value": "Interaction with 1742979525.3024619: Timestamp +1742979525.30",
        "raw_value": {
            "category": "decorations",
            "effects": {
                "happiness": 0.0,
                "cleanliness": 0.19999999999998863
            },
            "timestamp": 1742979525.3024619
        },
        "timestamp": "2025-03-26T08:58:45.302461",
        "importance": 1,
        "access_count": 1
    },
    {
        "category": "food",
        "key": "cheese",
        "value": "Ate cheese: Hunger -20.00, Happiness +10.00, Satisfaction +0.00",
        "raw_value": "Ate cheese: Hunger -20.00, Happiness +10.00, Satisfaction +0.00",
        "timestamp": "2025-03-26T08:59:43.447738",
        "importance": 1,
        "access_count": 1
    }
]